mapper_1,nodo_g1,mapper_2,nodo_g2,jaccard,n_inter
A,cube0_cluster1,B,cube1_cluster0,0.532394366197183,189
A,cube1_cluster0,B,cube1_cluster0,0.4227405247813411,145
A,cube1_cluster1,B,cube6_cluster0,0.34615384615384615,18
A,cube0_cluster1,B,cube0_cluster0,0.2849002849002849,100
A,cube1_cluster0,B,cube0_cluster0,0.2783171521035599,86
A,cube5_cluster0,B,cube5_cluster0,0.27450980392156865,42
A,cube4_cluster0,B,cube5_cluster0,0.27450980392156865,42
A,cube1_cluster1,B,cube5_cluster0,0.2236842105263158,34
A,cube4_cluster0,B,cube4_cluster0,0.21875,14
A,cube5_cluster0,B,cube4_cluster0,0.21875,14
A,cube0_cluster1,B,cube2_cluster0,0.13636363636363635,30
A,cube0_cluster2,B,cube0_cluster0,0.124,31
A,cube0_cluster0,B,cube0_cluster0,0.11284046692607004,29
A,cube1_cluster2,B,cube1_cluster0,0.10787172011661808,37
A,cube0_cluster3,B,cube1_cluster0,0.10755813953488372,37
A,cube5_cluster1,B,cube5_cluster0,0.10526315789473684,16
A,cube4_cluster1,B,cube5_cluster0,0.10457516339869281,16
A,cube7_cluster0,B,cube4_cluster0,0.09302325581395349,4
A,cube1_cluster2,B,cube0_cluster0,0.08712121212121213,23
A,cube0_cluster3,B,cube0_cluster0,0.08679245283018867,23
A,cube7_cluster0,B,cube5_cluster0,0.08609271523178808,13
A,cube4_cluster1,B,cube4_cluster0,0.08333333333333333,4
A,cube0_cluster0,B,cube1_cluster0,0.06460674157303371,23
A,cube5_cluster1,B,cube4_cluster0,0.0625,3
A,cube2_cluster0,B,cube6_cluster0,0.05555555555555555,2
A,cube5_cluster1,C,cube4_cluster5,0.65,13
A,cube4_cluster1,C,cube4_cluster5,0.6190476190476191,13
A,cube4_cluster0,C,cube4_cluster6,0.6170212765957447,29
A,cube5_cluster0,C,cube4_cluster6,0.6170212765957447,29
A,cube0_cluster2,C,cube4_cluster2,0.5714285714285714,20
A,cube1_cluster1,C,cube4_cluster4,0.5306122448979592,26
A,cube0_cluster1,C,cube4_cluster1,0.5269709543568465,127
A,cube0_cluster2,C,cube5_cluster1,0.5135135135135135,19
A,cube0_cluster0,C,cube4_cluster0,0.509090909090909,28
A,cube0_cluster4,C,cube2_cluster2,0.5,4
A,cube1_cluster2,C,cube5_cluster6,0.4772727272727273,21
A,cube7_cluster0,C,cube4_cluster3,0.47058823529411764,8
A,cube5_cluster1,C,cube5_cluster4,0.45454545454545453,10
A,cube4_cluster0,C,cube5_cluster2,0.44680851063829785,21
A,cube5_cluster0,C,cube5_cluster2,0.44680851063829785,21
A,cube1_cluster0,C,cube4_cluster1,0.4377880184331797,95
A,cube4_cluster1,C,cube5_cluster4,0.43478260869565216,10
A,cube0_cluster3,C,cube5_cluster6,0.40425531914893614,19
A,cube0_cluster3,C,cube4_cluster8,0.4,20
A,cube0_cluster1,C,cube5_cluster0,0.3852140077821012,99
A,cube1_cluster2,C,cube4_cluster8,0.35294117647058826,18
A,cube7_cluster0,C,cube5_cluster5,0.3125,5
A,cube0_cluster3,C,cube3_cluster7,0.3,12
A,cube0_cluster4,C,cube3_cluster0,0.3,3
A,cube0_cluster0,C,cube5_cluster3,0.3,18
A,cube7_cluster0,C,cube3_cluster1,0.2857142857142857,4
A,cube0_cluster4,C,cube1_cluster1,0.2857142857142857,2
A,cube1_cluster0,C,cube5_cluster0,0.2765957446808511,65
A,cube1_cluster2,C,cube3_cluster7,0.275,11
A,cube0_cluster1,C,cube3_cluster2,0.21266968325791855,47
A,cube1_cluster0,C,cube3_cluster2,0.19101123595505617,34
A,cube5_cluster0,C,cube3_cluster3,0.18,9
A,cube4_cluster0,C,cube3_cluster3,0.18,9
A,cube1_cluster2,C,cube6_cluster4,0.15,6
A,cube0_cluster3,C,cube6_cluster4,0.14634146341463414,6
A,cube0_cluster1,C,cube6_cluster0,0.13942307692307693,29
A,cube1_cluster1,C,cube3_cluster5,0.13513513513513514,5
A,cube1_cluster0,C,cube6_cluster0,0.12422360248447205,20
A,cube0_cluster2,C,cube3_cluster0,0.11428571428571428,4
A,cube1_cluster1,C,cube5_cluster0,0.1111111111111111,19
A,cube0_cluster0,C,cube3_cluster9,0.1111111111111111,4
A,cube5_cluster0,C,cube6_cluster1,0.10638297872340426,5
A,cube4_cluster0,C,cube6_cluster1,0.10638297872340426,5
A,cube0_cluster0,C,cube3_cluster6,0.1,4
A,cube5_cluster1,C,cube6_cluster5,0.09523809523809523,2
A,cube4_cluster1,C,cube6_cluster5,0.09090909090909091,2
A,cube0_cluster5,C,cube3_cluster6,0.09090909090909091,1
A,cube1_cluster1,C,cube6_cluster3,0.08333333333333333,3
A,cube2_cluster0,C,cube4_cluster4,0.075,3
A,cube2_cluster1,C,cube4_cluster4,0.075,3
A,cube1_cluster0,C,cube2_cluster1,0.07407407407407407,12
A,cube0_cluster0,C,cube6_cluster6,0.07317073170731707,3
A,cube0_cluster6,C,cube5_cluster3,0.07142857142857142,3
A,cube0_cluster1,C,cube2_cluster1,0.06976744186046512,15
A,cube0_cluster2,C,cube6_cluster2,0.06060606060606061,2
A,cube4_cluster0,C,cube2_cluster0,0.06,3
A,cube5_cluster0,C,cube2_cluster0,0.06,3
A,cube7_cluster0,D,cube14_cluster0,0.2,6
A,cube0_cluster0,D,cube12_cluster0,0.15384615384615385,10
A,cube1_cluster0,D,cube6_cluster0,0.14673913043478262,27
A,cube1_cluster0,D,cube23_cluster0,0.14367816091954022,25
A,cube1_cluster1,D,cube17_cluster0,0.14285714285714285,10
A,cube0_cluster4,D,cube19_cluster1,0.14285714285714285,1
A,cube1_cluster0,D,cube3_cluster0,0.14210526315789473,27
A,cube7_cluster0,D,cube21_cluster0,0.13043478260869565,3
A,cube0_cluster1,D,cube23_cluster0,0.12334801762114538,28
A,cube0_cluster3,D,cube29_cluster0,0.12280701754385964,7
A,cube0_cluster3,D,cube35_cluster0,0.12280701754385964,7
A,cube1_cluster1,D,cube10_cluster0,0.12244897959183673,6
A,cube4_cluster0,D,cube6_cluster0,0.12244897959183673,12
A,cube5_cluster0,D,cube6_cluster0,0.12244897959183673,12
A,cube1_cluster0,D,cube30_cluster0,0.12138728323699421,21
A,cube0_cluster0,D,cube13_cluster0,0.11650485436893204,12
A,cube5_cluster0,D,cube3_cluster0,0.11538461538461539,12
A,cube4_cluster0,D,cube3_cluster0,0.11538461538461539,12
A,cube0_cluster1,D,cube3_cluster0,0.11428571428571428,28
A,cube1_cluster1,D,cube18_cluster0,0.11363636363636363,10
A,cube0_cluster1,D,cube6_cluster0,0.1125,27
A,cube1_cluster0,D,cube7_cluster0,0.11176470588235295,19
A,cube1_cluster1,D,cube5_cluster0,0.1111111111111111,6
A,cube1_cluster1,D,cube34_cluster0,0.1111111111111111,6
A,cube1_cluster1,D,cube28_cluster0,0.1111111111111111,6
A,cube1_cluster1,D,cube33_cluster0,0.1111111111111111,6
A,cube5_cluster0,D,cube4_cluster0,0.109375,7
A,cube4_cluster0,D,cube4_cluster0,0.109375,7
A,cube0_cluster1,D,cube18_cluster0,0.1092436974789916,26
A,cube4_cluster1,D,cube23_cluster0,0.1076923076923077,7
A,cube0_cluster1,D,cube30_cluster0,0.10619469026548672,24
A,cube1_cluster2,D,cube35_cluster0,0.10526315789473684,6
A,cube1_cluster2,D,cube29_cluster0,0.10526315789473684,6
A,cube0_cluster1,D,cube11_cluster0,0.10526315789473684,24
A,cube0_cluster2,D,cube6_cluster0,0.10227272727272728,9
A,cube0_cluster3,D,cube30_cluster0,0.10126582278481013,8
A,cube5_cluster0,D,cube7_cluster0,0.1,8
A,cube4_cluster0,D,cube7_cluster0,0.1,8
A,cube4_cluster1,D,cube30_cluster0,0.09836065573770492,6
A,cube1_cluster1,D,cube27_cluster0,0.09722222222222222,7
A,cube1_cluster1,D,cube9_cluster0,0.0967741935483871,6
A,cube0_cluster2,D,cube3_cluster0,0.09574468085106383,9
A,cube0_cluster3,D,cube23_cluster0,0.09523809523809523,8
A,cube1_cluster0,D,cube11_cluster0,0.09497206703910614,17
A,cube0_cluster1,D,cube7_cluster0,0.09375,21
A,cube2_cluster1,D,cube20_cluster0,0.09375,3
A,cube0_cluster2,D,cube31_cluster0,0.09302325581395349,4
A,cube0_cluster0,D,cube2_cluster0,0.09259259259259259,5
A,cube5_cluster1,D,cube23_cluster0,0.09230769230769231,6
A,cube0_cluster0,D,cube34_cluster0,0.08928571428571429,5
A,cube0_cluster0,D,cube33_cluster0,0.08928571428571429,5
A,cube0_cluster0,D,cube5_cluster0,0.08928571428571429,5
A,cube0_cluster0,D,cube28_cluster0,0.08928571428571429,5
A,cube1_cluster2,D,cube30_cluster0,0.08860759493670886,7
A,cube1_cluster1,D,cube11_cluster0,0.08860759493670886,7
A,cube7_cluster0,D,cube32_cluster0,0.08620689655172414,5
A,cube0_cluster1,D,cube13_cluster0,0.08527131782945736,22
A,cube0_cluster1,D,cube17_cluster0,0.08370044052863436,19
A,cube5_cluster0,D,cube19_cluster0,0.08333333333333333,5
A,cube1_cluster2,D,cube23_cluster0,0.08333333333333333,7
A,cube4_cluster0,D,cube19_cluster0,0.08333333333333333,5
A,cube5_cluster1,D,cube30_cluster0,0.08196721311475409,5
A,cube0_cluster1,D,cube26_cluster0,0.08032128514056225,20
A,cube4_cluster0,D,cube22_cluster0,0.08,4
A,cube5_cluster0,D,cube22_cluster0,0.08,4
A,cube4_cluster0,D,cube15_cluster0,0.08,4
A,cube5_cluster0,D,cube15_cluster0,0.08,4
A,cube0_cluster0,D,cube9_cluster0,0.078125,5
A,cube0_cluster1,D,cube12_cluster0,0.07623318385650224,17
A,cube0_cluster2,D,cube8_cluster0,0.075,3
A,cube1_cluster1,D,cube2_cluster0,0.07407407407407407,4
A,cube5_cluster0,D,cube27_cluster0,0.07317073170731707,6
A,cube4_cluster0,D,cube27_cluster0,0.07317073170731707,6
A,cube4_cluster0,D,cube24_cluster0,0.07272727272727272,4
A,cube5_cluster0,D,cube24_cluster0,0.07272727272727272,4
A,cube1_cluster1,D,cube12_cluster0,0.07246376811594203,5
A,cube7_cluster0,D,cube20_cluster0,0.07142857142857142,3
A,cube0_cluster2,D,cube7_cluster0,0.07142857142857142,5
A,cube0_cluster4,D,cube22_cluster0,0.07142857142857142,1
A,cube0_cluster4,D,cube15_cluster0,0.07142857142857142,1
A,cube7_cluster0,D,cube13_cluster0,0.06976744186046512,6
A,cube7_cluster0,D,cube37_cluster0,0.06896551724137931,2
A,cube0_cluster0,D,cube27_cluster0,0.06666666666666667,5
A,cube2_cluster1,D,cube21_cluster0,0.06666666666666667,1
A,cube1_cluster0,D,cube18_cluster0,0.06666666666666667,13
A,cube1_cluster2,D,cube7_cluster0,0.06578947368421052,5
A,cube0_cluster1,D,cube27_cluster0,0.06521739130434782,15
A,cube0_cluster3,D,cube7_cluster0,0.06493506493506493,5
A,cube5_cluster1,D,cube6_cluster0,0.0641025641025641,5
A,cube0_cluster1,D,cube25_cluster0,0.0639269406392694,14
A,cube1_cluster1,D,cube25_cluster0,0.06349206349206349,4
A,cube4_cluster1,D,cube6_cluster0,0.06329113924050633,5
A,cube4_cluster0,D,cube35_cluster0,0.06060606060606061,4
A,cube5_cluster0,D,cube29_cluster0,0.06060606060606061,4
A,cube5_cluster0,D,cube35_cluster0,0.06060606060606061,4
A,cube4_cluster0,D,cube29_cluster0,0.06060606060606061,4
A,cube4_cluster0,D,cube16_cluster0,0.06,3
A,cube2_cluster0,D,cube32_cluster0,0.06,3
A,cube5_cluster0,D,cube16_cluster0,0.06,3
A,cube5_cluster1,D,cube3_cluster0,0.05952380952380952,5
A,cube4_cluster0,D,cube18_cluster0,0.0594059405940594,6
A,cube5_cluster0,D,cube18_cluster0,0.0594059405940594,6
A,cube4_cluster1,D,cube3_cluster0,0.058823529411764705,5
A,cube1_cluster0,D,cube19_cluster0,0.05732484076433121,9
A,cube5_cluster0,D,cube26_cluster0,0.05660377358490566,6
A,cube4_cluster0,D,cube26_cluster0,0.05660377358490566,6
A,cube0_cluster0,D,cube10_cluster0,0.05660377358490566,3
A,cube0_cluster2,D,cube29_cluster0,0.05555555555555555,3
A,cube0_cluster2,D,cube35_cluster0,0.05555555555555555,3
A,cube5_cluster1,D,cube19_cluster0,0.05555555555555555,2
A,cube4_cluster0,D,cube25_cluster0,0.05555555555555555,4
A,cube5_cluster0,D,cube25_cluster0,0.05555555555555555,4
A,cube1_cluster0,D,cube4_cluster0,0.05521472392638037,9
A,cube0_cluster2,D,cube4_cluster0,0.05454545454545454,3
A,cube4_cluster1,D,cube19_cluster0,0.05405405405405406,2
A,cube0_cluster1,D,cube9_cluster0,0.05405405405405406,12
A,cube0_cluster0,D,cube0_cluster0,0.05263157894736842,2
A,cube7_cluster0,D,cube26_cluster0,0.05194805194805195,4
A,cube0_cluster2,D,cube32_cluster0,0.05194805194805195,4
A,cube0_cluster0,D,cube17_cluster0,0.05194805194805195,4
A,cube1_cluster0,D,cube37_cluster0,0.05161290322580645,8
A,cube1_cluster1,D,cube26_cluster0,0.05102040816326531,5
A,cube1_cluster2,D,cube6_cluster0,0.05102040816326531,5
A,cube0_cluster3,D,cube6_cluster0,0.050505050505050504,5
B,cube1_cluster0,C,cube4_cluster1,0.4166666666666667,150
B,cube1_cluster0,C,cube5_cluster0,0.2802056555269923,109
B,cube6_cluster0,C,cube4_cluster4,0.2711864406779661,16
B,cube0_cluster0,C,cube4_cluster1,0.23372781065088757,79
B,cube5_cluster1,C,cube6_cluster1,0.2222222222222222,2
B,cube5_cluster0,C,cube4_cluster4,0.2088607594936709,33
B,cube5_cluster0,C,cube4_cluster6,0.18064516129032257,28
B,cube4_cluster0,C,cube4_cluster6,0.17857142857142858,10
B,cube0_cluster0,C,cube5_cluster0,0.17052023121387283,59
B,cube6_cluster0,C,cube5_cluster7,0.16666666666666666,6
B,cube1_cluster0,C,cube3_cluster2,0.15168539325842698,54
B,cube4_cluster0,C,cube4_cluster3,0.15,6
B,cube3_cluster0,C,cube4_cluster10,0.14285714285714285,1
B,cube3_cluster0,C,cube5_cluster9,0.14285714285714285,1
B,cube4_cluster1,C,cube6_cluster5,0.125,1
B,cube5_cluster0,C,cube5_cluster2,0.12179487179487179,19
B,cube0_cluster0,C,cube4_cluster0,0.11654135338345864,31
B,cube4_cluster0,C,cube3_cluster3,0.11363636363636363,5
B,cube2_cluster0,C,cube4_cluster1,0.1076923076923077,21
B,cube4_cluster0,C,cube5_cluster5,0.10526315789473684,4
B,cube6_cluster0,C,cube3_cluster5,0.10526315789473684,4
B,cube2_cluster0,C,cube5_cluster0,0.10270270270270271,19
B,cube0_cluster0,C,cube3_cluster2,0.10069444444444445,29
B,cube0_cluster3,C,cube6_cluster6,0.1,1
B,cube7_cluster0,C,cube4_cluster7,0.1,1
B,cube4_cluster1,C,cube6_cluster1,0.1,1
B,cube0_cluster0,C,cube6_cluster0,0.0916030534351145,24
B,cube1_cluster0,C,cube6_cluster0,0.08908045977011494,31
B,cube0_cluster0,C,cube5_cluster3,0.08550185873605948,23
B,cube6_cluster0,C,cube6_cluster3,0.08333333333333333,3
B,cube0_cluster0,C,cube4_cluster2,0.08300395256916997,21
B,cube0_cluster0,C,cube5_cluster1,0.08267716535433071,21
B,cube5_cluster0,C,cube5_cluster0,0.07746478873239436,22
B,cube5_cluster0,C,cube4_cluster5,0.07741935483870968,12
B,cube0_cluster0,C,cube4_cluster8,0.07633587786259542,20
B,cube1_cluster0,C,cube5_cluster3,0.07541899441340782,27
B,cube1_cluster0,C,cube5_cluster6,0.07536231884057971,26
B,cube4_cluster0,C,cube2_cluster0,0.075,3
B,cube1_cluster0,C,cube4_cluster8,0.07449856733524356,26
B,cube1_cluster0,C,cube4_cluster0,0.0743801652892562,27
B,cube5_cluster0,C,cube4_cluster3,0.07236842105263158,11
B,cube7_cluster0,C,cube5_cluster2,0.07142857142857142,2
B,cube5_cluster0,C,cube3_cluster3,0.07096774193548387,11
B,cube0_cluster0,C,cube5_cluster6,0.06513409961685823,17
B,cube2_cluster0,C,cube3_cluster2,0.06422018348623854,7
B,cube5_cluster0,C,cube5_cluster4,0.0641025641025641,10
B,cube4_cluster0,C,cube4_cluster5,0.06382978723404255,3
B,cube4_cluster0,C,cube4_cluster10,0.05714285714285714,2
B,cube4_cluster0,C,cube5_cluster9,0.05714285714285714,2
B,cube7_cluster0,C,cube4_cluster6,0.05555555555555555,2
B,cube4_cluster0,C,cube5_cluster2,0.05454545454545454,3
B,cube5_cluster0,C,cube5_cluster5,0.052980132450331126,8
B,cube1_cluster0,C,cube2_cluster1,0.05084745762711865,18
B,cube7_cluster0,C,cube5_cluster4,0.05,1
B,cube0_cluster0,D,cube3_cluster0,0.13380281690140844,38
B,cube6_cluster0,D,cube5_cluster0,0.1320754716981132,7
B,cube4_cluster0,D,cube15_cluster0,0.1282051282051282,5
B,cube4_cluster0,D,cube22_cluster0,0.1282051282051282,5
B,cube0_cluster0,D,cube6_cluster0,0.12455516014234876,35
B,cube4_cluster0,D,cube19_cluster0,0.12244897959183673,6
B,cube5_cluster0,D,cube13_cluster0,0.11650485436893204,24
B,cube6_cluster0,D,cube2_cluster0,0.11538461538461539,6
B,cube6_cluster0,D,cube9_cluster0,0.11475409836065574,7
B,cube5_cluster0,D,cube18_cluster0,0.11458333333333333,22
B,cube4_cluster0,D,cube24_cluster0,0.11363636363636363,5
B,cube5_cluster0,D,cube26_cluster0,0.10606060606060606,21
B,cube1_cluster0,D,cube13_cluster0,0.10471204188481675,40
B,cube0_cluster0,D,cube18_cluster0,0.10211267605633803,29
B,cube5_cluster0,D,cube3_cluster0,0.09852216748768473,20
B,cube1_cluster0,D,cube3_cluster0,0.09788359788359788,37
B,cube4_cluster0,D,cube14_cluster0,0.09615384615384616,5
B,cube1_cluster0,D,cube26_cluster0,0.096,36
B,cube5_cluster0,D,cube17_cluster0,0.09497206703910614,17
B,cube2_cluster0,D,cube13_cluster0,0.09401709401709402,11
B,cube1_cluster0,D,cube23_cluster0,0.09366391184573003,34
B,cube2_cluster0,D,cube17_cluster0,0.09302325581395349,8
B,cube1_cluster0,D,cube18_cluster0,0.0913978494623656,34
B,cube4_cluster1,D,cube19_cluster0,0.09090909090909091,2
B,cube1_cluster0,D,cube6_cluster0,0.09066666666666667,34
B,cube5_cluster0,D,cube6_cluster0,0.09045226130653267,18
B,cube4_cluster0,D,cube18_cluster0,0.0898876404494382,8
B,cube5_cluster0,D,cube27_cluster0,0.0893854748603352,16
B,cube1_cluster0,D,cube11_cluster0,0.08839779005524862,32
B,cube1_cluster0,D,cube30_cluster0,0.08287292817679558,30
B,cube0_cluster0,D,cube13_cluster0,0.08223684210526316,25
B,cube4_cluster0,D,cube25_cluster0,0.08196721311475409,5
B,cube0_cluster0,D,cube26_cluster0,0.08163265306122448,24
B,cube6_cluster0,D,cube17_cluster0,0.08108108108108109,6
B,cube2_cluster0,D,cube25_cluster0,0.08,6
B,cube2_cluster0,D,cube20_cluster0,0.08,6
B,cube2_cluster0,D,cube9_cluster0,0.07894736842105263,6
B,cube6_cluster0,D,cube10_cluster0,0.0784313725490196,4
B,cube6_cluster0,D,cube18_cluster0,0.07692307692307693,7
B,cube2_cluster0,D,cube18_cluster0,0.07692307692307693,8
B,cube6_cluster0,D,cube11_cluster0,0.075,6
B,cube4_cluster0,D,cube16_cluster0,0.075,3
B,cube5_cluster0,D,cube32_cluster0,0.0748663101604278,14
B,cube5_cluster0,D,cube11_cluster0,0.07446808510638298,14
B,cube5_cluster0,D,cube14_cluster0,0.07407407407407407,12
B,cube0_cluster0,D,cube35_cluster0,0.07392996108949416,19
B,cube0_cluster0,D,cube29_cluster0,0.07392996108949416,19
B,cube4_cluster0,D,cube26_cluster0,0.07368421052631578,7
B,cube2_cluster0,D,cube26_cluster0,0.07339449541284404,8
B,cube2_cluster0,D,cube12_cluster0,0.07317073170731707,6
B,cube2_cluster0,D,cube5_cluster0,0.07246376811594203,5
B,cube1_cluster0,D,cube7_cluster0,0.07202216066481995,26
B,cube6_cluster0,D,cube28_cluster0,0.07142857142857142,4
B,cube6_cluster0,D,cube33_cluster0,0.07142857142857142,4
B,cube6_cluster0,D,cube34_cluster0,0.07142857142857142,4
B,cube1_cluster0,D,cube32_cluster0,0.07084468664850137,26
B,cube1_cluster0,D,cube17_cluster0,0.06887052341597796,25
B,cube4_cluster0,D,cube27_cluster0,0.0684931506849315,5
B,cube4_cluster0,D,cube17_cluster0,0.06756756756756757,5
B,cube7_cluster0,D,cube35_cluster0,0.06666666666666667,2
B,cube7_cluster0,D,cube29_cluster0,0.06666666666666667,2
B,cube4_cluster0,D,cube13_cluster0,0.0660377358490566,7
B,cube0_cluster0,D,cube27_cluster0,0.06521739130434782,18
B,cube1_cluster0,D,cube12_cluster0,0.06406685236768803,23
B,cube0_cluster0,D,cube11_cluster0,0.0636042402826855,18
B,cube0_cluster0,D,cube12_cluster0,0.05860805860805861,16
B,cube5_cluster0,D,cube20_cluster0,0.057803468208092484,10
B,cube1_cluster0,D,cube27_cluster0,0.05737704918032787,21
B,cube0_cluster0,D,cube17_cluster0,0.05734767025089606,16
B,cube2_cluster0,D,cube34_cluster0,0.05714285714285714,4
B,cube2_cluster0,D,cube28_cluster0,0.05714285714285714,4
B,cube2_cluster0,D,cube33_cluster0,0.05714285714285714,4
B,cube5_cluster0,D,cube23_cluster0,0.05670103092783505,11
B,cube1_cluster0,D,cube9_cluster0,0.056179775280898875,20
B,cube5_cluster0,D,cube10_cluster0,0.05555555555555555,9
B,cube6_cluster0,D,cube27_cluster0,0.05333333333333334,4
B,cube0_cluster0,D,cube32_cluster0,0.05263157894736842,15
B,cube5_cluster0,D,cube30_cluster0,0.05263157894736842,10
B,cube3_cluster0,D,cube24_cluster0,0.05263157894736842,1
B,cube0_cluster0,D,cube25_cluster0,0.05223880597014925,14
B,cube5_cluster0,D,cube25_cluster0,0.05172413793103448,9
B,cube6_cluster0,D,cube26_cluster0,0.05102040816326531,5
B,cube1_cluster0,D,cube25_cluster0,0.05042016806722689,18
C,cube1_cluster1,D,cube19_cluster1,0.16666666666666666,1
C,cube4_cluster3,D,cube14_cluster0,0.16666666666666666,5
C,cube4_cluster8,D,cube29_cluster0,0.11538461538461539,6
C,cube4_cluster8,D,cube35_cluster0,0.11538461538461539,6
C,cube4_cluster0,D,cube13_cluster0,0.11504424778761062,13
C,cube2_cluster2,D,cube19_cluster1,0.1111111111111111,1
C,cube5_cluster2,D,cube4_cluster0,0.10869565217391304,5
C,cube5_cluster5,D,cube14_cluster0,0.10714285714285714,3
C,cube5_cluster5,D,cube21_cluster0,0.10526315789473684,2
C,cube4_cluster6,D,cube22_cluster0,0.10526315789473684,4
C,cube4_cluster6,D,cube15_cluster0,0.10526315789473684,4
C,cube5_cluster3,D,cube20_cluster0,0.1044776119402985,7
C,cube4_cluster0,D,cube12_cluster0,0.10256410256410256,8
C,cube6_cluster6,D,cube5_cluster0,0.1,3
C,cube5_cluster3,D,cube13_cluster0,0.1,11
C,cube4_cluster2,D,cube6_cluster0,0.0975609756097561,8
C,cube5_cluster2,D,cube7_cluster0,0.0967741935483871,6
C,cube4_cluster0,D,cube2_cluster0,0.09375,6
C,cube5_cluster0,D,cube13_cluster0,0.09345794392523364,20
C,cube4_cluster1,D,cube13_cluster0,0.09333333333333334,21
C,cube4_cluster6,D,cube4_cluster0,0.09259259259259259,5
C,cube3_cluster3,D,cube16_cluster0,0.09090909090909091,2
C,cube2_cluster0,D,cube19_cluster1,0.09090909090909091,1
C,cube4_cluster2,D,cube3_cluster0,0.09090909090909091,8
C,cube6_cluster3,D,cube10_cluster0,0.09090909090909091,2
C,cube4_cluster1,D,cube11_cluster0,0.09,18
C,cube4_cluster4,D,cube17_cluster0,0.08974358974358974,7
C,cube4_cluster6,D,cube6_cluster0,0.08888888888888889,8
C,cube4_cluster1,D,cube23_cluster0,0.08866995073891626,18
C,cube5_cluster1,D,cube8_cluster0,0.08823529411764706,3
C,cube5_cluster2,D,cube29_cluster0,0.08695652173913043,4
C,cube5_cluster2,D,cube35_cluster0,0.08695652173913043,4
C,cube4_cluster3,D,cube21_cluster0,0.08695652173913043,2
C,cube4_cluster1,D,cube3_cluster0,0.08636363636363636,19
C,cube4_cluster4,D,cube2_cluster0,0.08620689655172414,5
C,cube4_cluster6,D,cube7_cluster0,0.08571428571428572,6
C,cube4_cluster1,D,cube18_cluster0,0.08490566037735849,18
C,cube4_cluster1,D,cube6_cluster0,0.08372093023255814,18
C,cube4_cluster4,D,cube33_cluster0,0.08333333333333333,5
C,cube4_cluster6,D,cube3_cluster0,0.08333333333333333,8
C,cube4_cluster4,D,cube34_cluster0,0.08333333333333333,5
C,cube4_cluster4,D,cube28_cluster0,0.08333333333333333,5
C,cube3_cluster8,D,cube22_cluster0,0.08333333333333333,1
C,cube3_cluster8,D,cube15_cluster0,0.08333333333333333,1
C,cube5_cluster0,D,cube23_cluster0,0.08290155440414508,16
C,cube4_cluster4,D,cube13_cluster0,0.08181818181818182,9
C,cube3_cluster7,D,cube35_cluster0,0.08108108108108109,3
C,cube3_cluster7,D,cube29_cluster0,0.08108108108108109,3
C,cube5_cluster0,D,cube3_cluster0,0.08095238095238096,17
C,cube5_cluster3,D,cube5_cluster0,0.08064516129032258,5
C,cube5_cluster0,D,cube9_cluster0,0.08045977011494253,14
C,cube4_cluster8,D,cube30_cluster0,0.08,6
C,cube4_cluster1,D,cube30_cluster0,0.08,16
C,cube4_cluster4,D,cube26_cluster0,0.08,8
C,cube3_cluster3,D,cube6_cluster0,0.08,6
C,cube5_cluster0,D,cube30_cluster0,0.07936507936507936,15
C,cube5_cluster0,D,cube18_cluster0,0.07920792079207921,16
C,cube6_cluster6,D,cube9_cluster0,0.07894736842105263,3
C,cube5_cluster4,D,cube23_cluster0,0.078125,5
C,cube5_cluster0,D,cube5_cluster0,0.07784431137724551,13
C,cube4_cluster7,D,cube14_cluster0,0.07692307692307693,2
C,cube4_cluster4,D,cube27_cluster0,0.07692307692307693,6
C,cube3_cluster1,D,cube14_cluster0,0.07692307692307693,2
C,cube4_cluster1,D,cube7_cluster0,0.07653061224489796,15
C,cube5_cluster0,D,cube17_cluster0,0.07526881720430108,14
C,cube3_cluster9,D,cube12_cluster0,0.075,3
C,cube4_cluster8,D,cube23_cluster0,0.075,6
C,cube4_cluster0,D,cube34_cluster0,0.07462686567164178,5
C,cube4_cluster0,D,cube33_cluster0,0.07462686567164178,5
C,cube4_cluster0,D,cube28_cluster0,0.07462686567164178,5
C,cube4_cluster6,D,cube29_cluster0,0.07407407407407407,4
C,cube5_cluster2,D,cube38_cluster0,0.07407407407407407,2
C,cube4_cluster6,D,cube35_cluster0,0.07407407407407407,4
C,cube3_cluster3,D,cube3_cluster0,0.07407407407407407,6
C,cube4_cluster4,D,cube18_cluster0,0.07291666666666667,7
C,cube5_cluster0,D,cube6_cluster0,0.07281553398058252,15
C,cube5_cluster0,D,cube26_cluster0,0.07211538461538461,15
C,cube5_cluster2,D,cube6_cluster0,0.07142857142857142,6
C,cube5_cluster9,D,cube36_cluster0,0.07142857142857142,1
C,cube5_cluster3,D,cube9_cluster0,0.07142857142857142,5
C,cube5_cluster7,D,cube2_cluster0,0.07142857142857142,2
C,cube4_cluster10,D,cube36_cluster0,0.07142857142857142,1
C,cube3_cluster3,D,cube24_cluster0,0.07142857142857142,2
C,cube3_cluster10,D,cube8_cluster0,0.07142857142857142,1
C,cube6_cluster0,D,cube3_cluster0,0.06930693069306931,7
C,cube5_cluster3,D,cube10_cluster0,0.06896551724137931,4
C,cube4_cluster6,D,cube24_cluster0,0.06818181818181818,3
C,cube6_cluster0,D,cube4_cluster0,0.06779661016949153,4
C,cube4_cluster0,D,cube20_cluster0,0.06756756756756757,5
C,cube5_cluster2,D,cube3_cluster0,0.06666666666666667,6
C,cube5_cluster4,D,cube30_cluster0,0.06666666666666667,4
C,cube4_cluster5,D,cube30_cluster0,0.06557377049180328,4
C,cube5_cluster3,D,cube2_cluster0,0.06557377049180328,4
C,cube4_cluster1,D,cube17_cluster0,0.06532663316582915,13
C,cube4_cluster1,D,cube20_cluster0,0.06417112299465241,12
C,cube4_cluster8,D,cube37_cluster0,0.06382978723404255,3
C,cube3_cluster2,D,cube11_cluster0,0.06306306306306306,7
C,cube2_cluster2,D,cube22_cluster0,0.0625,1
C,cube2_cluster2,D,cube15_cluster0,0.0625,1
C,cube3_cluster1,D,cube36_cluster0,0.0625,1
C,cube6_cluster0,D,cube6_cluster0,0.0625,6
C,cube6_cluster0,D,cube9_cluster0,0.06153846153846154,4
C,cube3_cluster2,D,cube23_cluster0,0.06140350877192982,7
C,cube5_cluster3,D,cube17_cluster0,0.06097560975609756,5
C,cube5_cluster9,D,cube25_cluster0,0.06060606060606061,2
C,cube4_cluster5,D,cube23_cluster0,0.06060606060606061,4
C,cube4_cluster10,D,cube25_cluster0,0.06060606060606061,2
C,cube4_cluster1,D,cube27_cluster0,0.06030150753768844,12
C,cube4_cluster6,D,cube19_cluster0,0.06,3
C,cube2_cluster0,D,cube16_cluster0,0.058823529411764705,1
C,cube3_cluster0,D,cube15_cluster0,0.058823529411764705,1
C,cube3_cluster1,D,cube21_cluster0,0.058823529411764705,1
C,cube4_cluster4,D,cube20_cluster0,0.058823529411764705,4
C,cube3_cluster0,D,cube22_cluster0,0.058823529411764705,1
C,cube5_cluster6,D,cube29_cluster0,0.058823529411764705,3
C,cube5_cluster9,D,cube24_cluster0,0.058823529411764705,1
C,cube5_cluster8,D,cube16_cluster0,0.058823529411764705,1
C,cube4_cluster10,D,cube24_cluster0,0.058823529411764705,1
C,cube4_cluster2,D,cube8_cluster0,0.058823529411764705,2
C,cube4_cluster4,D,cube25_cluster0,0.058823529411764705,4
C,cube4_cluster4,D,cube32_cluster0,0.058823529411764705,5
C,cube5_cluster6,D,cube35_cluster0,0.058823529411764705,3
C,cube4_cluster3,D,cube13_cluster0,0.05813953488372093,5
C,cube5_cluster1,D,cube6_cluster0,0.05813953488372093,5
C,cube4_cluster0,D,cube27_cluster0,0.05813953488372093,5
C,cube4_cluster0,D,cube17_cluster0,0.05747126436781609,5
C,cube4_cluster5,D,cube19_cluster0,0.05714285714285714,2
C,cube5_cluster0,D,cube25_cluster0,0.05649717514124294,10
C,cube4_cluster0,D,cube26_cluster0,0.05504587155963303,6
C,cube5_cluster6,D,cube30_cluster0,0.0547945205479452,4
C,cube5_cluster5,D,cube32_cluster0,0.05454545454545454,3
C,cube5_cluster0,D,cube12_cluster0,0.05434782608695652,10
C,cube5_cluster1,D,cube3_cluster0,0.05434782608695652,5
C,cube4_cluster1,D,cube26_cluster0,0.053811659192825115,12
C,cube4_cluster4,D,cube12_cluster0,0.05333333333333334,4
C,cube5_cluster0,D,cube7_cluster0,0.05291005291005291,10
C,cube3_cluster0,D,cube36_cluster0,0.05263157894736842,1
C,cube2_cluster1,D,cube11_cluster0,0.05263157894736842,4
C,cube5_cluster4,D,cube38_cluster0,0.05263157894736842,1
C,cube5_cluster5,D,cube20_cluster0,0.05263157894736842,2
C,cube4_cluster4,D,cube10_cluster0,0.05263157894736842,3
C,cube6_cluster0,D,cube7_cluster0,0.05263157894736842,4
C,cube6_cluster5,D,cube23_cluster0,0.05263157894736842,3
C,cube5_cluster5,D,cube8_cluster0,0.05263157894736842,1
C,cube6_cluster2,D,cube31_cluster0,0.05263157894736842,1
C,cube5_cluster3,D,cube12_cluster0,0.05194805194805195,4
C,cube5_cluster4,D,cube6_cluster0,0.05194805194805195,4
C,cube5_cluster6,D,cube23_cluster0,0.05128205128205128,4
C,cube3_cluster7,D,cube4_cluster0,0.05128205128205128,2
C,cube4_cluster6,D,cube16_cluster0,0.05128205128205128,2
C,cube5_cluster1,D,cube31_cluster0,0.05128205128205128,2
C,cube5_cluster0,D,cube11_cluster0,0.05102040816326531,10
C,cube4_cluster3,D,cube32_cluster0,0.05084745762711865,3
C,cube6_cluster0,D,cube26_cluster0,0.050505050505050504,5
C,cube3_cluster2,D,cube13_cluster0,0.050359712230215826,7
C,cube3_cluster3,D,cube4_cluster0,0.05,2
C,cube4_cluster8,D,cube15_cluster0,0.05,2
C,cube4_cluster5,D,cube38_cluster0,0.05,1
C,cube4_cluster10,D,cube37_cluster0,0.05,1
C,cube4_cluster8,D,cube22_cluster0,0.05,2
C,cube5_cluster3,D,cube18_cluster0,0.05,5
C,cube5_cluster9,D,cube37_cluster0,0.05,1
